No.,Time,Source,Destination,Protocol,Length,Info
1,0.0,100.84.170.161,151.101.66.187,TLSv1.2,2545,Application Data
2,0.0001577,100.84.170.161,151.101.66.187,TLSv1.2,93,Application Data
3,0.0095287,151.101.66.187,100.84.170.161,TCP,56,443  >  59747 [ACK] Seq=1 Ack=2531 Win=565 Len=0
4,0.0109195,151.101.66.187,100.84.170.161,TLSv1.2,93,Application Data
5,0.0132795,151.101.66.187,100.84.170.161,TLSv1.2,214,Application Data
6,0.0133679,100.84.170.161,151.101.66.187,TCP,54,59747  >  443 [ACK] Seq=2531 Ack=200 Win=510 Len=0
7,0.2389886,100.84.170.161,151.101.66.187,TLSv1.2,2543,Application Data
8,0.2494996,151.101.66.187,100.84.170.161,TCP,56,443  >  59747 [ACK] Seq=200 Ack=5020 Win=575 Len=0
9,0.2542891,151.101.66.187,100.84.170.161,TLSv1.2,235,Application Data
10,0.2847406,151.101.66.187,100.84.170.161,TCP,235,"[TCP Retransmission] 443  >  59747 [PSH, ACK] Seq=200 Ack=5020 Win=575 Len=181"
11,0.2847837,100.84.170.161,151.101.66.187,TCP,66,59747  >  443 [ACK] Seq=5020 Ack=381 Win=510 Len=0 SLE=200 SRE=381
12,0.3505221,100.84.170.161,151.101.66.187,TLSv1.2,2546,Application Data
13,0.3598933,151.101.66.187,100.84.170.161,TCP,56,443  >  59747 [ACK] Seq=381 Ack=7512 Win=585 Len=0
14,0.3622329,151.101.66.187,100.84.170.161,TLSv1.2,98,Application Data
15,0.3918926,151.101.66.187,100.84.170.161,TCP,98,"[TCP Retransmission] 443  >  59747 [PSH, ACK] Seq=381 Ack=7512 Win=585 Len=44"
16,0.3919564,100.84.170.161,151.101.66.187,TCP,66,59747  >  443 [ACK] Seq=7512 Ack=425 Win=510 Len=0 SLE=381 SRE=425
17,1.4345998,100.84.170.161,151.101.66.187,TCP,66,55359  >  443 [SYN] Seq=0 Win=64240 Len=0 MSS=1460 WS=256 SACK_PERM
18,1.4475068,151.101.66.187,100.84.170.161,TCP,66,"443  >  55359 [SYN, ACK] Seq=0 Ack=1 Win=65535 Len=0 MSS=1460 SACK_PERM WS=512"
19,1.447573,100.84.170.161,151.101.66.187,TCP,54,55359  >  443 [ACK] Seq=1 Ack=1 Win=131328 Len=0
20,1.4548032,100.84.170.161,151.101.66.187,TLSv1.3,2098,Client Hello (SNI=r2d2.target.com)
21,1.4642591,151.101.66.187,100.84.170.161,TCP,56,443  >  55359 [ACK] Seq=1 Ack=2045 Win=144384 Len=0
22,1.4646118,151.101.66.187,100.84.170.161,TLSv1.3,1510,"Server Hello, Change Cipher Spec, Application Data, Application Data"
23,1.4651326,151.101.66.187,100.84.170.161,TLSv1.3,139,Application Data
24,1.4651726,100.84.170.161,151.101.66.187,TCP,54,55359  >  443 [ACK] Seq=2045 Ack=1542 Win=131328 Len=0
25,1.4653499,100.84.170.161,151.101.66.187,TLSv1.3,118,"Change Cipher Spec, Application Data"
26,1.4655803,100.84.170.161,151.101.66.187,TLSv1.3,146,Application Data
27,1.4658688,100.84.170.161,151.101.66.187,TLSv1.3,597,Application Data
28,1.4749902,151.101.66.187,100.84.170.161,TCP,56,443  >  55359 [ACK] Seq=1542 Ack=2744 Win=143872 Len=0
29,1.4753405,151.101.66.187,100.84.170.161,TLSv1.3,119,Application Data
30,1.4756483,100.84.170.161,151.101.66.187,TLSv1.3,85,Application Data
31,1.484257,151.101.66.187,100.84.170.161,TCP,56,443  >  55359 [ACK] Seq=1607 Ack=2775 Win=143872 Len=0
32,1.528505,151.101.66.187,100.84.170.161,TLSv1.3,512,Application Data
33,1.528687,151.101.66.187,100.84.170.161,TLSv1.3,94,Application Data
34,1.5287167,100.84.170.161,151.101.66.187,TCP,54,55359  >  443 [ACK] Seq=2775 Ack=2105 Win=130816 Len=0
35,1.5295319,151.101.66.187,100.84.170.161,TLSv1.3,86,Application Data
36,1.5299454,151.101.66.187,100.84.170.161,TLSv1.3,1510,Application Data
37,1.5299939,100.84.170.161,151.101.66.187,TCP,54,55359  >  443 [ACK] Seq=2775 Ack=3593 Win=131328 Len=0
38,1.5308379,151.101.66.187,100.84.170.161,TLSv1.3,2966,"Application Data, Application Data"
39,1.5308379,151.101.66.187,100.84.170.161,TLSv1.3,580,Application Data
40,1.5308993,100.84.170.161,151.101.66.187,TCP,54,55359  >  443 [ACK] Seq=2775 Ack=7031 Win=131328 Len=0
41,5.6378775,100.84.170.161,151.101.66.187,TLSv1.2,2545,Application Data
42,5.6464373,151.101.66.187,100.84.170.161,TCP,56,443  >  59747 [ACK] Seq=425 Ack=10003 Win=594 Len=0
43,5.6499402,151.101.66.187,100.84.170.161,TLSv1.2,241,Application Data
44,5.6789043,151.101.66.187,100.84.170.161,TCP,241,"[TCP Retransmission] 443  >  59747 [PSH, ACK] Seq=425 Ack=10003 Win=594 Len=187"
45,5.6789488,100.84.170.161,151.101.66.187,TCP,66,59747  >  443 [ACK] Seq=10003 Ack=612 Win=509 Len=0 SLE=425 SRE=612
46,5.7078493,100.84.170.161,151.101.66.187,TLSv1.2,2543,Application Data
47,5.7167887,151.101.66.187,100.84.170.161,TCP,56,443  >  59747 [ACK] Seq=612 Ack=12492 Win=604 Len=0
48,5.7206089,151.101.66.187,100.84.170.161,TLSv1.2,148,Application Data
49,5.7427476,100.84.170.161,151.101.66.187,TLSv1.2,2546,Application Data
50,5.7499617,151.101.66.187,100.84.170.161,TCP,148,"[TCP Spurious Retransmission] 443  >  59747 [PSH, ACK] Seq=612 Ack=12492 Win=604 Len=94"
51,5.7500079,100.84.170.161,151.101.66.187,TCP,66,[TCP Dup ACK 49#1] 59747  >  443 [ACK] Seq=14984 Ack=706 Win=508 Len=0 SLE=612 SRE=706
52,5.7513711,151.101.66.187,100.84.170.161,TCP,56,443  >  59747 [ACK] Seq=706 Ack=14984 Win=614 Len=0
53,5.7544189,151.101.66.187,100.84.170.161,TLSv1.2,98,Application Data
54,5.7848742,151.101.66.187,100.84.170.161,TCP,98,"[TCP Retransmission] 443  >  59747 [PSH, ACK] Seq=706 Ack=14984 Win=614 Len=44"
55,5.7849249,100.84.170.161,151.101.66.187,TCP,66,59747  >  443 [ACK] Seq=14984 Ack=750 Win=508 Len=0 SLE=706 SRE=750
56,9.2758442,100.84.170.161,151.101.66.187,TLSv1.2,2536,Application Data
57,9.2845416,100.84.170.161,151.101.66.187,TLSv1.2,2527,Application Data
58,9.2861733,151.101.66.187,100.84.170.161,TCP,56,443  >  59747 [ACK] Seq=750 Ack=17466 Win=624 Len=0
59,9.288182,100.84.170.161,151.101.66.187,TLSv1.2,2522,Application Data
60,9.2888105,100.84.170.161,151.101.66.187,TLSv1.2,2521,Application Data
61,9.2907372,151.101.66.187,100.84.170.161,TLSv1.2,214,Application Data
62,9.293521,151.101.66.187,100.84.170.161,TCP,56,443  >  59747 [ACK] Seq=910 Ack=19939 Win=633 Len=0
63,9.296122,151.101.66.187,100.84.170.161,TLSv1.2,290,Application Data
64,9.2961918,100.84.170.161,151.101.66.187,TCP,54,59747  >  443 [ACK] Seq=24874 Ack=1146 Win=513 Len=0
65,9.2975166,151.101.66.187,100.84.170.161,TCP,56,443  >  59747 [ACK] Seq=1146 Ack=22407 Win=643 Len=0
66,9.2989472,151.101.66.187,100.84.170.161,TCP,56,443  >  59747 [ACK] Seq=1146 Ack=24874 Win=652 Len=0
67,9.3001194,151.101.66.187,100.84.170.161,TLSv1.2,130,Application Data
68,9.3009275,151.101.66.187,100.84.170.161,TLSv1.2,131,Application Data
69,9.3009934,100.84.170.161,151.101.66.187,TCP,54,59747  >  443 [ACK] Seq=24874 Ack=1299 Win=512 Len=0
70,9.376905,100.84.170.161,151.101.66.187,TLSv1.2,2521,Application Data
71,9.3861029,151.101.66.187,100.84.170.161,TCP,56,443  >  59747 [ACK] Seq=1299 Ack=27341 Win=662 Len=0
72,9.3895,151.101.66.187,100.84.170.161,TLSv1.2,124,Application Data
73,9.4188751,151.101.66.187,100.84.170.161,TCP,124,"[TCP Retransmission] 443  >  59747 [PSH, ACK] Seq=1299 Ack=27341 Win=662 Len=70"
74,9.4189232,100.84.170.161,151.101.66.187,TCP,66,59747  >  443 [ACK] Seq=27341 Ack=1369 Win=512 Len=0 SLE=1299 SRE=1369
75,9.4287925,100.84.170.161,151.101.66.187,TLSv1.2,2535,Application Data
76,9.4379068,151.101.66.187,100.84.170.161,TCP,56,443  >  59747 [ACK] Seq=1369 Ack=29822 Win=672 Len=0
77,9.4410299,151.101.66.187,100.84.170.161,TLSv1.2,98,Application Data
78,9.4709886,151.101.66.187,100.84.170.161,TCP,98,"[TCP Retransmission] 443  >  59747 [PSH, ACK] Seq=1369 Ack=29822 Win=672 Len=44"
79,9.4710423,100.84.170.161,151.101.66.187,TCP,66,59747  >  443 [ACK] Seq=29822 Ack=1413 Win=512 Len=0 SLE=1369 SRE=1413
80,9.5317849,100.84.170.161,151.101.66.187,TLSv1.2,2518,Application Data
81,9.5407634,151.101.66.187,100.84.170.161,TCP,56,443  >  59747 [ACK] Seq=1413 Ack=32286 Win=681 Len=0
82,9.5432755,151.101.66.187,100.84.170.161,TLSv1.2,131,Application Data
83,9.5536268,100.84.170.161,151.101.66.187,TLSv1.2,2535,Application Data
84,9.562718,151.101.66.187,100.84.170.161,TCP,56,443  >  59747 [ACK] Seq=1490 Ack=34767 Win=691 Len=0
85,9.5652012,151.101.66.187,100.84.170.161,TLSv1.2,124,Application Data
86,9.5972293,151.101.66.187,100.84.170.161,TCP,124,"[TCP Retransmission] 443  >  59747 [PSH, ACK] Seq=1490 Ack=34767 Win=691 Len=70"
87,9.5972904,100.84.170.161,151.101.66.187,TCP,66,59747  >  443 [ACK] Seq=34767 Ack=1560 Win=511 Len=0 SLE=1490 SRE=1560
88,9.7896976,100.84.170.161,151.101.66.187,TLSv1.2,2522,Application Data
89,9.7950482,100.84.170.161,151.101.66.187,TLSv1.2,2530,Application Data
90,9.7988233,151.101.66.187,100.84.170.161,TCP,56,443  >  59747 [ACK] Seq=1560 Ack=37235 Win=701 Len=0
91,9.8021686,151.101.66.187,100.84.170.161,TLSv1.2,124,Application Data
92,9.8037481,151.101.66.187,100.84.170.161,TCP,56,443  >  59747 [ACK] Seq=1630 Ack=39711 Win=710 Len=0
93,9.8064797,151.101.66.187,100.84.170.161,TLSv1.2,131,Application Data
94,9.8065547,100.84.170.161,151.101.66.187,TCP,54,59747  >  443 [ACK] Seq=39711 Ack=1707 Win=511 Len=0
95,9.8822446,100.84.170.161,151.101.66.187,TLSv1.2,2536,Application Data
96,9.8829999,100.84.170.161,151.101.66.187,TLSv1.2,2520,Application Data
97,9.89133,151.101.66.187,100.84.170.161,TCP,56,443  >  59747 [ACK] Seq=1707 Ack=42193 Win=720 Len=0
98,9.8915939,151.101.66.187,100.84.170.161,TCP,56,443  >  59747 [ACK] Seq=1707 Ack=44659 Win=730 Len=0
99,9.8939069,151.101.66.187,100.84.170.161,TLSv1.2,125,Application Data
100,9.8947997,151.101.66.187,100.84.170.161,TLSv1.2,124,Application Data
101,9.894859,100.84.170.161,151.101.66.187,TCP,54,59747  >  443 [ACK] Seq=44659 Ack=1848 Win=510 Len=0
102,10.0901504,100.84.170.161,151.101.66.187,TLSv1.2,2544,Application Data
103,10.0903764,100.84.170.161,151.101.66.187,TLSv1.2,2544,Application Data
104,10.0914265,100.84.170.161,151.101.66.187,TLSv1.2,2540,Application Data
105,10.0925163,100.84.170.161,151.101.66.187,TLSv1.2,2536,Application Data
106,10.098142,100.84.170.161,151.101.66.187,TLSv1.2,2527,Application Data
107,10.0992098,151.101.66.187,100.84.170.161,TCP,56,443  >  59747 [ACK] Seq=1848 Ack=49639 Win=749 Len=0
108,10.0998941,100.84.170.161,151.101.66.187,TLSv1.2,2528,Application Data
109,10.1011917,151.101.66.187,100.84.170.161,TCP,56,443  >  59747 [ACK] Seq=1848 Ack=52125 Win=759 Len=0
110,10.1017376,151.101.66.187,100.84.170.161,TLSv1.2,240,Application Data
111,10.103348,151.101.66.187,100.84.170.161,TLSv1.2,131,Application Data
112,10.103395,100.84.170.161,151.101.66.187,TCP,54,59747  >  443 [ACK] Seq=59554 Ack=2111 Win=509 Len=0
113,10.1036848,151.101.66.187,100.84.170.161,TLSv1.2,130,Application Data
114,10.1043331,151.101.66.187,100.84.170.161,TLSv1.2,174,Application Data
115,10.1043738,100.84.170.161,151.101.66.187,TCP,54,59747  >  443 [ACK] Seq=59554 Ack=2307 Win=508 Len=0
116,10.1070404,151.101.66.187,100.84.170.161,TCP,56,443  >  59747 [ACK] Seq=2307 Ack=57080 Win=778 Len=0
117,10.1087348,151.101.66.187,100.84.170.161,TCP,56,443  >  59747 [ACK] Seq=2307 Ack=59554 Win=788 Len=0
118,10.1092327,151.101.66.187,100.84.170.161,TLSv1.2,124,Application Data
119,10.1122732,151.101.66.187,100.84.170.161,TLSv1.2,291,Application Data
120,10.112328,100.84.170.161,151.101.66.187,TCP,54,59747  >  443 [ACK] Seq=59554 Ack=2614 Win=513 Len=0
121,10.4403415,100.84.170.161,151.101.66.187,TLSv1.2,2525,Application Data
122,10.4506217,151.101.66.187,100.84.170.161,TCP,56,443  >  59747 [ACK] Seq=2614 Ack=62025 Win=798 Len=0
123,10.4526944,151.101.66.187,100.84.170.161,TLSv1.2,125,Application Data
124,10.4776281,100.84.170.161,151.101.66.187,TLSv1.2,2526,Application Data
125,10.4799117,151.101.66.187,100.84.170.161,TCP,125,"[TCP Spurious Retransmission] 443  >  59747 [PSH, ACK] Seq=2614 Ack=62025 Win=798 Len=71"
126,10.4800222,100.84.170.161,151.101.66.187,TCP,66,[TCP Dup ACK 124#1] 59747  >  443 [ACK] Seq=64497 Ack=2685 Win=513 Len=0 SLE=2614 SRE=2685
127,10.4864586,151.101.66.187,100.84.170.161,TCP,56,443  >  59747 [ACK] Seq=2685 Ack=64497 Win=807 Len=0
128,10.4893794,151.101.66.187,100.84.170.161,TLSv1.2,131,Application Data
129,10.5169361,151.101.66.187,100.84.170.161,TCP,131,"[TCP Retransmission] 443  >  59747 [PSH, ACK] Seq=2685 Ack=64497 Win=807 Len=77"
130,10.5169766,100.84.170.161,151.101.66.187,TCP,66,59747  >  443 [ACK] Seq=64497 Ack=2762 Win=512 Len=0 SLE=2685 SRE=2762
131,17.1696695,100.84.170.161,151.101.66.187,TLSv1.2,2525,Application Data
132,17.178789,151.101.66.187,100.84.170.161,TCP,56,443  >  59747 [ACK] Seq=2762 Ack=66968 Win=817 Len=0
133,17.1812271,151.101.66.187,100.84.170.161,TLSv1.2,214,Application Data
134,17.2091041,151.101.66.187,100.84.170.161,TCP,214,"[TCP Retransmission] 443  >  59747 [PSH, ACK] Seq=2762 Ack=66968 Win=817 Len=160"
135,17.2091488,100.84.170.161,151.101.66.187,TCP,66,59747  >  443 [ACK] Seq=66968 Ack=2922 Win=512 Len=0 SLE=2762 SRE=2922
136,17.4450079,100.84.170.161,151.101.66.187,TLSv1.2,2526,Application Data
137,17.4554159,151.101.66.187,100.84.170.161,TCP,56,443  >  59747 [ACK] Seq=2922 Ack=69440 Win=827 Len=0
138,17.4586763,151.101.66.187,100.84.170.161,TLSv1.2,104,Application Data
139,17.4861115,151.101.66.187,100.84.170.161,TCP,104,"[TCP Retransmission] 443  >  59747 [PSH, ACK] Seq=2922 Ack=69440 Win=827 Len=50"
140,17.4861632,100.84.170.161,151.101.66.187,TCP,66,59747  >  443 [ACK] Seq=69440 Ack=2972 Win=511 Len=0 SLE=2922 SRE=2972
141,18.3903775,100.84.170.161,151.101.66.187,TLSv1.2,2525,Application Data
142,18.399254,151.101.66.187,100.84.170.161,TCP,56,443  >  59747 [ACK] Seq=2972 Ack=71911 Win=836 Len=0
143,18.4026825,151.101.66.187,100.84.170.161,TLSv1.2,208,Application Data
144,18.4267271,100.84.170.161,151.101.66.187,TLSv1.2,2523,Application Data
145,18.4309687,151.101.66.187,100.84.170.161,TCP,208,"[TCP Spurious Retransmission] 443  >  59747 [PSH, ACK] Seq=2972 Ack=71911 Win=836 Len=154"
146,18.4310582,100.84.170.161,151.101.66.187,TCP,66,[TCP Dup ACK 144#1] 59747  >  443 [ACK] Seq=74380 Ack=3126 Win=511 Len=0 SLE=2972 SRE=3126
147,18.4356787,151.101.66.187,100.84.170.161,TCP,56,443  >  59747 [ACK] Seq=3126 Ack=74380 Win=846 Len=0
148,18.4381274,151.101.66.187,100.84.170.161,TLSv1.2,125,Application Data
149,18.4388367,100.84.170.161,151.101.66.187,TLSv1.2,2526,Application Data
150,18.4477267,151.101.66.187,100.84.170.161,TCP,56,443  >  59747 [ACK] Seq=3197 Ack=76852 Win=856 Len=0
151,18.4501459,151.101.66.187,100.84.170.161,TLSv1.2,104,Application Data
152,18.4780109,151.101.66.187,100.84.170.161,TCP,104,"[TCP Retransmission] 443  >  59747 [PSH, ACK] Seq=3197 Ack=76852 Win=856 Len=50"
153,18.4780632,100.84.170.161,151.101.66.187,TCP,66,59747  >  443 [ACK] Seq=76852 Ack=3247 Win=510 Len=0 SLE=3197 SRE=3247
154,22.9981559,100.84.170.161,151.101.66.187,TLSv1.2,2582,Application Data
155,23.0082422,151.101.66.187,100.84.170.161,TCP,56,443  >  59747 [ACK] Seq=3247 Ack=79380 Win=865 Len=0
156,23.0116152,100.84.170.161,151.101.66.187,TLSv1.2,2573,Application Data
157,23.0117281,151.101.66.187,100.84.170.161,TLSv1.2,214,Application Data
158,23.016393,100.84.170.161,151.101.66.187,TLSv1.2,2567,Application Data
159,23.0203355,151.101.66.187,100.84.170.161,TCP,56,443  >  59747 [ACK] Seq=3407 Ack=81899 Win=875 Len=0
160,23.0223811,100.84.170.161,151.101.66.187,TLSv1.2,2567,Application Data
161,23.0233999,151.101.66.187,100.84.170.161,TLSv1.2,124,Application Data
162,23.0260255,151.101.66.187,100.84.170.161,TCP,56,443  >  59747 [ACK] Seq=3477 Ack=84412 Win=885 Len=0
163,23.0298072,151.101.66.187,100.84.170.161,TLSv1.2,131,Application Data
164,23.0298785,100.84.170.161,151.101.66.187,TCP,54,59747  >  443 [ACK] Seq=86925 Ack=3554 Win=509 Len=0
165,23.0311295,151.101.66.187,100.84.170.161,TCP,56,443  >  59747 [ACK] Seq=3554 Ack=86925 Win=895 Len=0
166,23.0335753,151.101.66.187,100.84.170.161,TLSv1.2,124,Application Data
167,23.0671354,151.101.66.187,100.84.170.161,TCP,124,"[TCP Retransmission] 443  >  59747 [PSH, ACK] Seq=3554 Ack=86925 Win=895 Len=70"
168,23.0671918,100.84.170.161,151.101.66.187,TCP,66,59747  >  443 [ACK] Seq=86925 Ack=3624 Win=509 Len=0 SLE=3554 SRE=3624
169,23.1109432,100.84.170.161,151.101.66.187,TLSv1.2,2567,Application Data
170,23.1202327,151.101.66.187,100.84.170.161,TCP,56,443  >  59747 [ACK] Seq=3624 Ack=89438 Win=905 Len=0
171,23.1220061,151.101.66.187,100.84.170.161,TLSv1.2,240,Application Data
172,23.1509496,151.101.66.187,100.84.170.161,TCP,240,"[TCP Retransmission] 443  >  59747 [PSH, ACK] Seq=3624 Ack=89438 Win=905 Len=186"
173,23.1510036,100.84.170.161,151.101.66.187,TCP,66,59747  >  443 [ACK] Seq=89438 Ack=3810 Win=508 Len=0 SLE=3624 SRE=3810
174,23.1639527,100.84.170.161,151.101.66.187,TLSv1.2,2581,Application Data
175,23.1728038,151.101.66.187,100.84.170.161,TCP,56,443  >  59747 [ACK] Seq=3810 Ack=91965 Win=915 Len=0
176,23.1759199,151.101.66.187,100.84.170.161,TLSv1.2,142,Application Data
177,23.2048415,151.101.66.187,100.84.170.161,TCP,142,"[TCP Retransmission] 443  >  59747 [PSH, ACK] Seq=3810 Ack=91965 Win=915 Len=88"
178,23.2048955,100.84.170.161,151.101.66.187,TCP,66,59747  >  443 [ACK] Seq=91965 Ack=3898 Win=508 Len=0 SLE=3810 SRE=3898
179,23.2776834,100.84.170.161,151.101.66.187,TLSv1.2,2564,Application Data
180,23.2864727,151.101.66.187,100.84.170.161,TCP,56,443  >  59747 [ACK] Seq=3898 Ack=94475 Win=924 Len=0
181,23.2897158,151.101.66.187,100.84.170.161,TLSv1.2,125,Application Data
182,23.2929954,100.84.170.161,151.101.66.187,TLSv1.2,2581,Application Data
183,23.3024574,151.101.66.187,100.84.170.161,TCP,56,443  >  59747 [ACK] Seq=3969 Ack=97002 Win=934 Len=0
184,23.3047305,151.101.66.187,100.84.170.161,TLSv1.2,124,Application Data
185,23.3338229,151.101.66.187,100.84.170.161,TCP,124,"[TCP Retransmission] 443  >  59747 [PSH, ACK] Seq=3969 Ack=97002 Win=934 Len=70"
186,23.3338633,100.84.170.161,151.101.66.187,TCP,66,59747  >  443 [ACK] Seq=97002 Ack=4039 Win=507 Len=0 SLE=3969 SRE=4039
187,23.4946712,100.84.170.161,151.101.66.187,TLSv1.2,2576,Application Data
188,23.5052951,151.101.66.187,100.84.170.161,TCP,56,443  >  59747 [ACK] Seq=4039 Ack=99524 Win=944 Len=0
189,23.5083581,151.101.66.187,100.84.170.161,TLSv1.2,297,Application Data
190,23.536804,151.101.66.187,100.84.170.161,TCP,297,"[TCP Retransmission] 443  >  59747 [PSH, ACK] Seq=4039 Ack=99524 Win=944 Len=243"
191,23.5368533,100.84.170.161,151.101.66.187,TCP,66,59747  >  443 [ACK] Seq=99524 Ack=4282 Win=513 Len=0 SLE=4039 SRE=4282
192,23.5907423,100.84.170.161,151.101.66.187,TLSv1.2,2586,Application Data
193,23.5909957,100.84.170.161,151.101.66.187,TLSv1.2,2586,Application Data
194,23.5911329,100.84.170.161,151.101.66.187,TLSv1.2,2582,Application Data
195,23.59124,100.84.170.161,151.101.66.187,TLSv1.2,2578,Application Data
196,23.592121,100.84.170.161,151.101.66.187,TLSv1.2,2570,Application Data
197,23.5923467,100.84.170.161,151.101.66.187,TLSv1.2,2569,Application Data
198,23.5996263,151.101.66.187,100.84.170.161,TCP,56,443  >  59747 [ACK] Seq=4282 Ack=102056 Win=954 Len=0
199,23.5998721,151.101.66.187,100.84.170.161,TCP,56,443  >  59747 [ACK] Seq=4282 Ack=104588 Win=964 Len=0
200,23.600169,151.101.66.187,100.84.170.161,TCP,56,443  >  59747 [ACK] Seq=4282 Ack=107116 Win=974 Len=0
201,23.6004967,151.101.66.187,100.84.170.161,TCP,56,443  >  59747 [ACK] Seq=4282 Ack=109640 Win=984 Len=0
202,23.601219,151.101.66.187,100.84.170.161,TCP,56,443  >  59747 [ACK] Seq=4282 Ack=114671 Win=1003 Len=0
203,23.6023597,151.101.66.187,100.84.170.161,TLSv1.2,130,Application Data
204,23.6029365,151.101.66.187,100.84.170.161,TLSv1.2,130,Application Data
205,23.6029829,100.84.170.161,151.101.66.187,TCP,54,59747  >  443 [ACK] Seq=114671 Ack=4434 Win=512 Len=0
206,23.6032787,151.101.66.187,100.84.170.161,TLSv1.2,131,Application Data
207,23.6041374,151.101.66.187,100.84.170.161,TLSv1.2,233,Application Data
208,23.6041938,100.84.170.161,151.101.66.187,TCP,54,59747  >  443 [ACK] Seq=114671 Ack=4690 Win=511 Len=0
209,23.7920475,100.84.170.161,151.101.66.187,TLSv1.2,2558,Application Data
210,23.7947989,100.84.170.161,151.101.66.187,TLSv1.2,2542,Application Data
211,23.8169411,100.84.170.161,151.101.66.187,TCP,1514,"[TCP Retransmission] 59747  >  443 [PSH, ACK] Seq=118203 Ack=4690 Win=511 Len=1460"
212,23.8181574,151.101.66.187,100.84.170.161,TCP,56,443  >  59747 [ACK] Seq=4690 Ack=119663 Win=1023 Len=0
213,23.8213466,151.101.66.187,100.84.170.161,TLSv1.2,173,Application Data
214,23.8257754,151.101.66.187,100.84.170.161,TCP,66,[TCP Dup ACK 212#1] 443  >  59747 [ACK] Seq=4809 Ack=119663 Win=1023 Len=0 SLE=118203 SRE=119663
215,23.8479167,151.101.66.187,100.84.170.161,TCP,173,"[TCP Retransmission] 443  >  59747 [PSH, ACK] Seq=4690 Ack=119663 Win=1023 Len=119"
216,23.8479568,100.84.170.161,151.101.66.187,TCP,66,59747  >  443 [ACK] Seq=119663 Ack=4809 Win=511 Len=0 SLE=4690 SRE=4809
217,24.2896266,100.84.170.161,151.101.66.187,TLSv1.2,2581,Application Data
218,24.299395,151.101.66.187,100.84.170.161,TCP,56,443  >  59747 [ACK] Seq=4809 Ack=122190 Win=1033 Len=0
219,24.3024674,151.101.66.187,100.84.170.161,TLSv1.2,241,Application Data
220,24.328663,151.101.66.187,100.84.170.161,TCP,241,"[TCP Retransmission] 443  >  59747 [PSH, ACK] Seq=4809 Ack=122190 Win=1033 Len=187"
221,24.328703,100.84.170.161,151.101.66.187,TCP,66,59747  >  443 [ACK] Seq=122190 Ack=4996 Win=510 Len=0 SLE=4809 SRE=4996
222,24.3307049,100.84.170.161,151.101.66.187,TLSv1.2,2582,Application Data
223,24.3398527,151.101.66.187,100.84.170.161,TCP,56,443  >  59747 [ACK] Seq=4996 Ack=124718 Win=1042 Len=0
224,24.3424658,151.101.66.187,100.84.170.161,TLSv1.2,125,Application Data
225,24.3699237,151.101.66.187,100.84.170.161,TCP,125,"[TCP Retransmission] 443  >  59747 [PSH, ACK] Seq=4996 Ack=124718 Win=1042 Len=71"
226,24.369966,100.84.170.161,151.101.66.187,TCP,66,59747  >  443 [ACK] Seq=124718 Ack=5067 Win=510 Len=0 SLE=4996 SRE=5067
227,28.7581373,100.84.170.161,151.101.66.187,TLSv1.2,2581,Application Data
228,28.7677867,151.101.66.187,100.84.170.161,TCP,56,443  >  59747 [ACK] Seq=5067 Ack=127245 Win=1054 Len=0
229,28.7720959,151.101.66.187,100.84.170.161,TLSv1.2,214,Application Data
230,28.7998873,151.101.66.187,100.84.170.161,TCP,214,"[TCP Retransmission] 443  >  59747 [PSH, ACK] Seq=5067 Ack=127245 Win=1054 Len=160"
231,28.7999569,100.84.170.161,151.101.66.187,TCP,66,59747  >  443 [ACK] Seq=127245 Ack=5227 Win=509 Len=0 SLE=5067 SRE=5227
232,28.8676081,100.84.170.161,151.101.66.187,TLSv1.2,2579,Application Data
233,28.87752,151.101.66.187,100.84.170.161,TCP,56,443  >  59747 [ACK] Seq=5227 Ack=129770 Win=1064 Len=0
234,28.8807714,151.101.66.187,100.84.170.161,TLSv1.2,169,Application Data
235,28.9067513,151.101.66.187,100.84.170.161,TCP,169,"[TCP Retransmission] 443  >  59747 [PSH, ACK] Seq=5227 Ack=129770 Win=1064 Len=115"
236,28.9067817,100.84.170.161,151.101.66.187,TCP,66,59747  >  443 [ACK] Seq=129770 Ack=5342 Win=509 Len=0 SLE=5227 SRE=5342
237,29.0316915,100.84.170.161,151.101.66.187,TLSv1.2,2582,Application Data
238,29.042861,151.101.66.187,100.84.170.161,TCP,56,443  >  59747 [ACK] Seq=5342 Ack=132298 Win=1074 Len=0
239,29.0494421,151.101.66.187,100.84.170.161,TLSv1.2,98,Application Data
240,29.0759676,151.101.66.187,100.84.170.161,TCP,98,"[TCP Retransmission] 443  >  59747 [PSH, ACK] Seq=5342 Ack=132298 Win=1074 Len=44"
241,29.0760606,100.84.170.161,151.101.66.187,TCP,66,59747  >  443 [ACK] Seq=132298 Ack=5386 Win=508 Len=0 SLE=5342 SRE=5386
242,29.2790215,100.84.170.161,151.101.66.187,TLSv1.2,2581,Application Data
243,29.2894748,151.101.66.187,100.84.170.161,TCP,56,443  >  59747 [ACK] Seq=5386 Ack=134825 Win=1083 Len=0
244,29.2920976,151.101.66.187,100.84.170.161,TLSv1.2,234,Application Data
245,29.3190836,151.101.66.187,100.84.170.161,TCP,234,"[TCP Retransmission] 443  >  59747 [PSH, ACK] Seq=5386 Ack=134825 Win=1083 Len=180"
246,29.3192071,100.84.170.161,151.101.66.187,TCP,66,59747  >  443 [ACK] Seq=134825 Ack=5566 Win=508 Len=0 SLE=5386 SRE=5566
247,29.9068032,100.84.170.161,151.101.66.187,TLSv1.2,2581,Application Data
248,29.9158724,151.101.66.187,100.84.170.161,TCP,56,443  >  59747 [ACK] Seq=5566 Ack=137352 Win=1093 Len=0
249,29.9187389,151.101.66.187,100.84.170.161,TLSv1.2,270,Application Data
250,29.9281111,100.84.170.161,151.101.66.187,TLSv1.2,2582,Application Data
251,29.9368233,151.101.66.187,100.84.170.161,TCP,56,443  >  59747 [ACK] Seq=5782 Ack=139880 Win=1103 Len=0
252,29.9397874,151.101.66.187,100.84.170.161,TLSv1.2,98,Application Data
253,29.9689881,151.101.66.187,100.84.170.161,TCP,98,"[TCP Retransmission] 443  >  59747 [PSH, ACK] Seq=5782 Ack=139880 Win=1103 Len=44"
254,29.9690541,100.84.170.161,151.101.66.187,TCP,66,59747  >  443 [ACK] Seq=139880 Ack=5826 Win=513 Len=0 SLE=5782 SRE=5826
255,35.922515,100.84.170.161,151.101.66.187,TLSv1.2,2550,Application Data
256,35.927743,100.84.170.161,151.101.66.187,TLSv1.2,2541,Application Data
257,35.9315811,151.101.66.187,100.84.170.161,TCP,56,443  >  59747 [ACK] Seq=5826 Ack=142376 Win=1113 Len=0
258,35.934845,151.101.66.187,100.84.170.161,TLSv1.2,214,Application Data
259,35.9365744,151.101.66.187,100.84.170.161,TCP,56,443  >  59747 [ACK] Seq=5986 Ack=144863 Win=1123 Len=0
260,35.9394179,151.101.66.187,100.84.170.161,TLSv1.2,124,Application Data
261,35.9394989,100.84.170.161,151.101.66.187,TCP,54,59747  >  443 [ACK] Seq=144863 Ack=6056 Win=512 Len=0
262,35.9435014,100.84.170.161,151.101.66.187,TLSv1.2,2535,Application Data
263,35.946351,100.84.170.161,151.101.66.187,TLSv1.2,2535,Application Data
264,35.9524233,151.101.66.187,100.84.170.161,TCP,56,443  >  59747 [ACK] Seq=6056 Ack=147344 Win=1132 Len=0
265,35.9551744,151.101.66.187,100.84.170.161,TLSv1.2,131,Application Data
266,35.9575279,151.101.66.187,100.84.170.161,TLSv1.2,124,Application Data
267,35.9575876,100.84.170.161,151.101.66.187,TCP,54,59747  >  443 [ACK] Seq=149825 Ack=6203 Win=511 Len=0
268,36.0284018,100.84.170.161,151.101.66.187,TLSv1.2,2535,Application Data
269,36.0372455,151.101.66.187,100.84.170.161,TCP,56,443  >  59747 [ACK] Seq=6203 Ack=152306 Win=1152 Len=0
270,36.0414996,151.101.66.187,100.84.170.161,TLSv1.2,130,Application Data
271,36.0695539,151.101.66.187,100.84.170.161,TCP,130,"[TCP Retransmission] 443  >  59747 [PSH, ACK] Seq=6203 Ack=152306 Win=1152 Len=76"
272,36.0696023,100.84.170.161,151.101.66.187,TCP,66,59747  >  443 [ACK] Seq=152306 Ack=6279 Win=511 Len=0 SLE=6203 SRE=6279
273,36.0698442,100.84.170.161,151.101.66.187,TLSv1.2,2549,Application Data
274,36.0789232,151.101.66.187,100.84.170.161,TCP,56,443  >  59747 [ACK] Seq=6279 Ack=154801 Win=1162 Len=0
275,36.0815014,151.101.66.187,100.84.170.161,TLSv1.2,208,Application Data
276,36.1098482,151.101.66.187,100.84.170.161,TCP,208,"[TCP Retransmission] 443  >  59747 [PSH, ACK] Seq=6279 Ack=154801 Win=1162 Len=154"
277,36.1098913,100.84.170.161,151.101.66.187,TCP,66,59747  >  443 [ACK] Seq=154801 Ack=6433 Win=510 Len=0 SLE=6279 SRE=6433
278,36.1640343,100.84.170.161,151.101.66.187,TLSv1.2,2532,Application Data
279,36.1728957,151.101.66.187,100.84.170.161,TCP,56,443  >  59747 [ACK] Seq=6433 Ack=157279 Win=1171 Len=0
280,36.1754234,151.101.66.187,100.84.170.161,TLSv1.2,125,Application Data
281,36.1783812,100.84.170.161,151.101.66.187,TLSv1.2,2549,Application Data
282,36.1878743,151.101.66.187,100.84.170.161,TCP,56,443  >  59747 [ACK] Seq=6504 Ack=159774 Win=1181 Len=0
283,36.1897592,151.101.66.187,100.84.170.161,TLSv1.2,124,Application Data
284,36.2179575,151.101.66.187,100.84.170.161,TCP,124,"[TCP Retransmission] 443  >  59747 [PSH, ACK] Seq=6504 Ack=159774 Win=1181 Len=70"
285,36.2180041,100.84.170.161,151.101.66.187,TCP,66,59747  >  443 [ACK] Seq=159774 Ack=6574 Win=510 Len=0 SLE=6504 SRE=6574
286,36.3711391,100.84.170.161,151.101.66.187,TLSv1.2,2536,Application Data
287,36.3721043,100.84.170.161,151.101.66.187,TLSv1.2,2544,Application Data
288,36.3820187,151.101.66.187,100.84.170.161,TCP,56,443  >  59747 [ACK] Seq=6574 Ack=162256 Win=1191 Len=0
289,36.3827275,151.101.66.187,100.84.170.161,TCP,56,443  >  59747 [ACK] Seq=6574 Ack=164746 Win=1200 Len=0
290,36.3831088,151.101.66.187,100.84.170.161,TLSv1.2,124,Application Data
291,36.3834677,151.101.66.187,100.84.170.161,TLSv1.2,131,Application Data
292,36.3834986,100.84.170.161,151.101.66.187,TCP,54,59747  >  443 [ACK] Seq=164746 Ack=6721 Win=509 Len=0
293,36.4667839,100.84.170.161,151.101.66.187,TLSv1.2,2550,Application Data
294,36.4672098,100.84.170.161,151.101.66.187,TLSv1.2,2534,Application Data
295,36.4767533,151.101.66.187,100.84.170.161,TCP,56,443  >  59747 [ACK] Seq=6721 Ack=169722 Win=1220 Len=0
296,36.4799152,151.101.66.187,100.84.170.161,TLSv1.2,173,Application Data
297,36.5078582,151.101.66.187,100.84.170.161,TCP,173,"[TCP Retransmission] 443  >  59747 [PSH, ACK] Seq=6721 Ack=169722 Win=1220 Len=119"
298,36.5079152,100.84.170.161,151.101.66.187,TCP,66,59747  >  443 [ACK] Seq=169722 Ack=6840 Win=509 Len=0 SLE=6721 SRE=6840
299,36.6546224,100.84.170.161,151.101.66.187,TLSv1.2,2574,Application Data
300,36.6549431,100.84.170.161,151.101.66.187,TLSv1.2,2574,Application Data
301,36.6577275,100.84.170.161,151.101.66.187,TLSv1.2,2570,Application Data
302,36.6610822,100.84.170.161,151.101.66.187,TLSv1.2,2566,Application Data
303,36.6635736,151.101.66.187,100.84.170.161,TCP,56,443  >  59747 [ACK] Seq=6840 Ack=172242 Win=1230 Len=0
304,36.6638613,151.101.66.187,100.84.170.161,TCP,56,443  >  59747 [ACK] Seq=6840 Ack=174762 Win=1240 Len=0
305,36.6641542,100.84.170.161,151.101.66.187,TLSv1.2,2558,Application Data
306,36.6654799,100.84.170.161,151.101.66.187,TLSv1.2,2557,Application Data
307,36.6664405,151.101.66.187,100.84.170.161,TLSv1.2,130,Application Data
308,36.666702,151.101.66.187,100.84.170.161,TLSv1.2,173,Application Data
309,36.6667338,100.84.170.161,151.101.66.187,TCP,54,59747  >  443 [ACK] Seq=184797 Ack=7035 Win=508 Len=0
310,36.669397,151.101.66.187,100.84.170.161,TLSv1.2,131,Application Data
311,36.6701272,151.101.66.187,100.84.170.161,TCP,56,443  >  59747 [ACK] Seq=7112 Ack=179790 Win=1259 Len=0
312,36.6728547,151.101.66.187,100.84.170.161,TLSv1.2,296,Application Data
313,36.6729094,100.84.170.161,151.101.66.187,TCP,54,59747  >  443 [ACK] Seq=184797 Ack=7354 Win=513 Len=0
314,36.6731528,151.101.66.187,100.84.170.161,TCP,56,443  >  59747 [ACK] Seq=7354 Ack=182294 Win=1269 Len=0
315,36.6742644,151.101.66.187,100.84.170.161,TCP,56,443  >  59747 [ACK] Seq=7354 Ack=184797 Win=1279 Len=0
316,36.6764961,151.101.66.187,100.84.170.161,TLSv1.2,131,Application Data
317,36.6771354,151.101.66.187,100.84.170.161,TLSv1.2,124,Application Data
318,36.6771849,100.84.170.161,151.101.66.187,TCP,54,59747  >  443 [ACK] Seq=184797 Ack=7501 Win=512 Len=0
319,42.1267457,100.84.170.161,151.101.66.187,TLSv1.2,2549,Application Data
320,42.1316001,100.84.170.161,151.101.66.187,TLSv1.2,2547,Application Data
321,42.1358146,151.101.66.187,100.84.170.161,TCP,56,443  >  59747 [ACK] Seq=7501 Ack=187292 Win=1288 Len=0
322,42.1386579,151.101.66.187,100.84.170.161,TLSv1.2,241,Application Data
323,42.1403,151.101.66.187,100.84.170.161,TCP,56,443  >  59747 [ACK] Seq=7688 Ack=189785 Win=1298 Len=0
324,42.1434551,151.101.66.187,100.84.170.161,TLSv1.2,125,Application Data
325,42.1435265,100.84.170.161,151.101.66.187,TCP,54,59747  >  443 [ACK] Seq=189785 Ack=7759 Win=511 Len=0
326,42.3968356,100.84.170.161,151.101.66.187,TLSv1.2,2550,Application Data
327,42.4069738,151.101.66.187,100.84.170.161,TCP,56,443  >  59747 [ACK] Seq=7759 Ack=192281 Win=1308 Len=0
328,42.4102014,151.101.66.187,100.84.170.161,TLSv1.2,131,Application Data
329,42.4377196,151.101.66.187,100.84.170.161,TCP,131,"[TCP Retransmission] 443  >  59747 [PSH, ACK] Seq=7759 Ack=192281 Win=1308 Len=77"
330,42.4377566,100.84.170.161,151.101.66.187,TCP,66,59747  >  443 [ACK] Seq=192281 Ack=7836 Win=511 Len=0 SLE=7759 SRE=7836
331,42.6426269,100.84.170.161,151.101.66.187,TLSv1.2,2569,Application Data
332,42.6695119,100.84.170.161,151.101.66.187,TCP,1514,"[TCP Retransmission] 59747  >  443 [PSH, ACK] Seq=193336 Ack=7836 Win=511 Len=1460"
333,42.6730742,151.101.66.187,100.84.170.161,TCP,56,443  >  59747 [ACK] Seq=7836 Ack=194796 Win=1318 Len=0
334,42.6758938,151.101.66.187,100.84.170.161,TLSv1.2,124,Application Data
335,42.6786149,151.101.66.187,100.84.170.161,TCP,66,[TCP Dup ACK 333#1] 443  >  59747 [ACK] Seq=7906 Ack=194796 Win=1318 Len=0 SLE=193336 SRE=194796
336,42.7027363,151.101.66.187,100.84.170.161,TCP,124,"[TCP Retransmission] 443  >  59747 [PSH, ACK] Seq=7836 Ack=194796 Win=1318 Len=70"
337,42.7027679,100.84.170.161,151.101.66.187,TCP,66,59747  >  443 [ACK] Seq=194796 Ack=7906 Win=511 Len=0 SLE=7836 SRE=7906
338,43.846182,100.84.170.161,151.101.66.187,TLSv1.2,2549,Application Data
339,43.8550316,151.101.66.187,100.84.170.161,TCP,56,443  >  59747 [ACK] Seq=7906 Ack=197291 Win=1328 Len=0
340,43.8578681,151.101.66.187,100.84.170.161,TLSv1.2,214,Application Data
341,43.8767424,100.84.170.161,151.101.66.187,TLSv1.2,2547,Application Data
342,43.8837204,100.84.170.161,151.101.66.187,TLSv1.2,2550,Application Data
343,43.8855005,151.101.66.187,100.84.170.161,TCP,56,443  >  59747 [ACK] Seq=8066 Ack=199784 Win=1337 Len=0
344,43.8883467,151.101.66.187,100.84.170.161,TLSv1.2,98,Application Data
345,43.8928848,151.101.66.187,100.84.170.161,TCP,56,443  >  59747 [ACK] Seq=8110 Ack=202280 Win=1347 Len=0
346,43.8953344,151.101.66.187,100.84.170.161,TLSv1.2,98,Application Data
347,43.8954006,100.84.170.161,151.101.66.187,TCP,54,59747  >  443 [ACK] Seq=202280 Ack=8154 Win=510 Len=0
348,46.5383601,100.84.170.161,151.101.66.187,TCP,55,[TCP Keep-Alive] 55359  >  443 [ACK] Seq=2774 Ack=7031 Win=131328 Len=1
349,46.5486201,151.101.66.187,100.84.170.161,TCP,66,[TCP Keep-Alive ACK] 443  >  55359 [ACK] Seq=7031 Ack=2775 Win=143872 Len=0 SLE=2774 SRE=2775
350,53.0453799,100.84.170.161,151.101.66.187,TLSv1.2,2549,Application Data
351,53.0546342,151.101.66.187,100.84.170.161,TCP,56,443  >  59747 [ACK] Seq=8154 Ack=204775 Win=1357 Len=0
352,53.057801,151.101.66.187,100.84.170.161,TLSv1.2,214,Application Data
353,53.0892158,100.84.170.161,151.101.66.187,TLSv1.2,2547,Application Data
354,53.0896443,151.101.66.187,100.84.170.161,TCP,214,"[TCP Spurious Retransmission] 443  >  59747 [PSH, ACK] Seq=8154 Ack=204775 Win=1357 Len=160"
355,53.0897774,100.84.170.161,151.101.66.187,TCP,66,[TCP Dup ACK 353#1] 59747  >  443 [ACK] Seq=207268 Ack=8314 Win=509 Len=0 SLE=8154 SRE=8314
356,53.0986196,151.101.66.187,100.84.170.161,TCP,56,443  >  59747 [ACK] Seq=8314 Ack=207268 Win=1366 Len=0
357,53.1016887,151.101.66.187,100.84.170.161,TLSv1.2,208,Application Data
358,53.1337785,151.101.66.187,100.84.170.161,TCP,208,"[TCP Retransmission] 443  >  59747 [PSH, ACK] Seq=8314 Ack=207268 Win=1366 Len=154"
359,53.1338296,100.84.170.161,151.101.66.187,TCP,66,59747  >  443 [ACK] Seq=207268 Ack=8468 Win=508 Len=0 SLE=8314 SRE=8468
360,53.1354433,100.84.170.161,151.101.66.187,TLSv1.2,2550,Application Data
361,53.1447842,151.101.66.187,100.84.170.161,TCP,56,443  >  59747 [ACK] Seq=8468 Ack=209764 Win=1376 Len=0
362,53.1469853,151.101.66.187,100.84.170.161,TLSv1.2,142,Application Data
363,53.1785735,151.101.66.187,100.84.170.161,TCP,142,"[TCP Retransmission] 443  >  59747 [PSH, ACK] Seq=8468 Ack=209764 Win=1376 Len=88"
364,53.1786094,100.84.170.161,151.101.66.187,TCP,66,59747  >  443 [ACK] Seq=209764 Ack=8556 Win=508 Len=0 SLE=8468 SRE=8556
365,53.4988477,100.84.170.161,151.101.66.187,TLSv1.2,2549,Application Data
366,53.499093,100.84.170.161,151.101.66.187,TLSv1.2,2550,Application Data
367,53.508385,151.101.66.187,100.84.170.161,TCP,56,443  >  59747 [ACK] Seq=8556 Ack=214755 Win=1396 Len=0
368,53.5107373,151.101.66.187,100.84.170.161,TLSv1.2,98,Application Data
369,53.5124143,151.101.66.187,100.84.170.161,TLSv1.2,104,Application Data
370,53.5124975,100.84.170.161,151.101.66.187,TCP,54,59747  >  443 [ACK] Seq=214755 Ack=8650 Win=508 Len=0
371,53.6476772,100.84.170.161,151.101.66.187,TLSv1.2,2549,Application Data
372,53.65579,100.84.170.161,151.101.66.187,TLSv1.2,2550,Application Data
373,53.6567233,151.101.66.187,100.84.170.161,TCP,56,443  >  59747 [ACK] Seq=8650 Ack=217250 Win=1405 Len=0
374,53.6601031,151.101.66.187,100.84.170.161,TLSv1.2,98,Application Data
375,53.6646669,151.101.66.187,100.84.170.161,TCP,56,443  >  59747 [ACK] Seq=8694 Ack=219746 Win=1415 Len=0
376,53.6670429,151.101.66.187,100.84.170.161,TLSv1.2,98,Application Data
377,53.6671104,100.84.170.161,151.101.66.187,TCP,54,59747  >  443 [ACK] Seq=219746 Ack=8738 Win=507 Len=0
378,57.4716746,100.84.170.161,151.101.66.187,TLSv1.2,2544,Application Data
379,57.4771518,100.84.170.161,151.101.66.187,TLSv1.2,2535,Application Data
380,57.479536,100.84.170.161,151.101.66.187,TLSv1.2,2529,Application Data
381,57.4818228,151.101.66.187,100.84.170.161,TCP,56,443  >  59747 [ACK] Seq=8738 Ack=222236 Win=1425 Len=0
382,57.4834529,100.84.170.161,151.101.66.187,TLSv1.2,2529,Application Data
383,57.484468,151.101.66.187,100.84.170.161,TLSv1.2,214,Application Data
384,57.484546,100.84.170.161,151.101.66.187,TCP,54,59747  >  443 [ACK] Seq=229667 Ack=8898 Win=513 Len=0
385,57.4863051,151.101.66.187,100.84.170.161,TCP,56,443  >  59747 [ACK] Seq=8898 Ack=224717 Win=1435 Len=0
386,57.488124,151.101.66.187,100.84.170.161,TLSv1.2,124,Application Data
387,57.4882039,100.84.170.161,151.101.66.187,TCP,54,59747  >  443 [ACK] Seq=229667 Ack=8968 Win=513 Len=0
388,57.490376,151.101.66.187,100.84.170.161,TLSv1.2,297,Application Data
389,57.4932555,151.101.66.187,100.84.170.161,TCP,56,443  >  59747 [ACK] Seq=9211 Ack=229667 Win=1454 Len=0
390,57.4963139,151.101.66.187,100.84.170.161,TLSv1.2,130,Application Data
391,57.4963855,100.84.170.161,151.101.66.187,TCP,54,59747  >  443 [ACK] Seq=229667 Ack=9287 Win=511 Len=0
392,57.5683169,100.84.170.161,151.101.66.187,TLSv1.2,2529,Application Data
393,57.5778232,151.101.66.187,100.84.170.161,TCP,56,443  >  59747 [ACK] Seq=9287 Ack=232142 Win=1464 Len=0
394,57.5804688,151.101.66.187,100.84.170.161,TLSv1.2,124,Application Data
395,57.6098003,151.101.66.187,100.84.170.161,TCP,124,"[TCP Retransmission] 443  >  59747 [PSH, ACK] Seq=9287 Ack=232142 Win=1464 Len=70"
396,57.6098507,100.84.170.161,151.101.66.187,TCP,66,59747  >  443 [ACK] Seq=232142 Ack=9357 Win=511 Len=0 SLE=9287 SRE=9357
397,57.6258649,100.84.170.161,151.101.66.187,TLSv1.2,2543,Application Data
398,57.635462,151.101.66.187,100.84.170.161,TCP,56,443  >  59747 [ACK] Seq=9357 Ack=234631 Win=1473 Len=0
399,57.6378536,151.101.66.187,100.84.170.161,TLSv1.2,125,Application Data
400,57.6694604,151.101.66.187,100.84.170.161,TCP,125,"[TCP Retransmission] 443  >  59747 [PSH, ACK] Seq=9357 Ack=234631 Win=1473 Len=71"
401,57.6695049,100.84.170.161,151.101.66.187,TCP,66,59747  >  443 [ACK] Seq=234631 Ack=9428 Win=511 Len=0 SLE=9357 SRE=9428
402,57.7253426,100.84.170.161,151.101.66.187,TLSv1.2,2526,Application Data
403,57.7344727,151.101.66.187,100.84.170.161,TCP,56,443  >  59747 [ACK] Seq=9428 Ack=237103 Win=1483 Len=0
404,57.7356459,100.84.170.161,151.101.66.187,TLSv1.2,2543,Application Data
405,57.7370009,151.101.66.187,100.84.170.161,TLSv1.2,125,Application Data
406,57.7444203,151.101.66.187,100.84.170.161,TCP,56,443  >  59747 [ACK] Seq=9499 Ack=239592 Win=1493 Len=0
407,57.7470346,151.101.66.187,100.84.170.161,TLSv1.2,124,Application Data
408,57.7470903,100.84.170.161,151.101.66.187,TCP,54,59747  >  443 [ACK] Seq=239592 Ack=9569 Win=510 Len=0
409,57.8722868,100.84.170.161,151.101.66.187,TLSv1.2,2538,Application Data
410,57.8808886,151.101.66.187,100.84.170.161,TCP,56,443  >  59747 [ACK] Seq=9569 Ack=242076 Win=1502 Len=0
411,57.8836879,151.101.66.187,100.84.170.161,TLSv1.2,131,Application Data
412,57.9171962,151.101.66.187,100.84.170.161,TCP,131,"[TCP Retransmission] 443  >  59747 [PSH, ACK] Seq=9569 Ack=242076 Win=1502 Len=77"
413,57.9172337,100.84.170.161,151.101.66.187,TCP,66,59747  >  443 [ACK] Seq=242076 Ack=9646 Win=510 Len=0 SLE=9569 SRE=9646
414,57.940452,100.84.170.161,151.101.66.187,TLSv1.2,2548,Application Data
415,57.9415436,100.84.170.161,151.101.66.187,TLSv1.2,2544,Application Data
416,57.9444157,100.84.170.161,151.101.66.187,TLSv1.2,2540,Application Data
417,57.9446095,100.84.170.161,151.101.66.187,TLSv1.2,2532,Application Data
418,57.9454151,100.84.170.161,151.101.66.187,TLSv1.2,2531,Application Data
419,57.9455354,100.84.170.161,151.101.66.187,TLSv1.2,2542,Application Data
420,57.9492504,151.101.66.187,100.84.170.161,TCP,56,443  >  59747 [ACK] Seq=9646 Ack=244570 Win=1512 Len=0
421,57.9503299,151.101.66.187,100.84.170.161,TCP,56,443  >  59747 [ACK] Seq=9646 Ack=247060 Win=1522 Len=0
422,57.9522298,151.101.66.187,100.84.170.161,TLSv1.2,130,Application Data
423,57.9526411,151.101.66.187,100.84.170.161,TLSv1.2,131,Application Data
424,57.9526821,100.84.170.161,151.101.66.187,TCP,54,59747  >  443 [ACK] Seq=256989 Ack=9799 Win=509 Len=0
425,57.9531562,151.101.66.187,100.84.170.161,TCP,56,443  >  59747 [ACK] Seq=9799 Ack=249546 Win=1532 Len=0
426,57.9538233,151.101.66.187,100.84.170.161,TCP,56,443  >  59747 [ACK] Seq=9799 Ack=252024 Win=1541 Len=0
427,57.9542669,151.101.66.187,100.84.170.161,TCP,56,443  >  59747 [ACK] Seq=9799 Ack=254501 Win=1551 Len=0
428,57.9549379,151.101.66.187,100.84.170.161,TCP,56,443  >  59747 [ACK] Seq=9799 Ack=256989 Win=1561 Len=0
429,57.9555037,151.101.66.187,100.84.170.161,TLSv1.2,130,Application Data
430,57.9557023,151.101.66.187,100.84.170.161,TLSv1.2,125,Application Data
431,57.9557432,100.84.170.161,151.101.66.187,TCP,54,59747  >  443 [ACK] Seq=256989 Ack=9946 Win=509 Len=0
432,57.9566971,151.101.66.187,100.84.170.161,TLSv1.2,124,Application Data
433,57.957754,151.101.66.187,100.84.170.161,TLSv1.2,130,Application Data
434,57.9578491,100.84.170.161,151.101.66.187,TCP,54,59747  >  443 [ACK] Seq=256989 Ack=10092 Win=508 Len=0
435,58.1243083,100.84.170.161,151.101.66.187,TLSv1.2,2547,Application Data
436,58.1283723,100.84.170.161,151.101.66.187,TLSv1.2,2531,Application Data
437,58.1335169,151.101.66.187,100.84.170.161,TCP,56,443  >  59747 [ACK] Seq=10092 Ack=259482 Win=1570 Len=0
438,58.1356825,151.101.66.187,100.84.170.161,TLSv1.2,279,Application Data
439,58.1373341,151.101.66.187,100.84.170.161,TCP,56,443  >  59747 [ACK] Seq=10317 Ack=261959 Win=1580 Len=0
440,58.1392387,151.101.66.187,100.84.170.161,TLSv1.2,130,Application Data
441,58.1393483,100.84.170.161,151.101.66.187,TCP,54,59747  >  443 [ACK] Seq=261959 Ack=10393 Win=513 Len=0
